held_out_animal,model,accuracy_mean,f1_mean,rmse_mean,latency_ms_mean,memory_mb_mean
01,STA-LSTM,0.9941186685962372,0.9921116991330556,51703.01953125,0.0127157093027091,0.7258491516113281
01,STA-LSTM-H,0.9942344428364688,0.9922035872064812,45909.51171875,0.0128295141421851,0.7258491516113281
01,XGBoost,0.8510217076700434,0.8074246350464865,,0.003360858420247,4.248990058898926
01,GRU,0.8354848046309696,0.7975294805860268,44120.53125,0.0098464461474769,0.3380317687988281
01,1D-CNN,0.7601852387843705,0.7379970975639059,48589.8515625,0.0099333426342298,0.1528511047363281
01,Transformer,0.8351143270622287,0.8024922175392675,43221.875,0.0136046587434285,1.145526885986328
01,LSTM,0.7616671490593343,0.7379001330073799,47813.15234375,0.0105581276870821,0.4500923156738281
01,KF,,,3050.6362363906915,0.0185253208451911,0.0
01,EKF-HMM,,,3401.7651286508262,0.0188297531682076,0.0
02,STA-LSTM,0.99372503617945,0.9926737456230044,59715.8515625,0.0124579469178696,0.7258491516113281
02,STA-LSTM-H,0.9937134587554268,0.9926926893382664,56677.05859375,0.0125281753398575,0.7258491516113281
02,1D-CNN,0.8175629522431259,0.8014507741895288,43352.75390625,0.009697259219118,0.1528511047363281
02,XGBoost,0.8226222865412446,0.801521316532397,,0.0020989304093048,4.229405403137207
02,GRU,0.816821997105644,0.7995789489454119,62327.578125,0.009777467542863,0.3380317687988281
02,LSTM,0.8183039073806078,0.802702201320785,51206.41796875,0.0103221929035056,0.4500923156738281
02,Transformer,0.8188943560057887,0.803335909185681,51480.0546875,0.0135890695922799,1.145526885986328
02,KF,,,3261.848517219554,0.0184754704606386,0.0
02,EKF-HMM,,,3626.941927366255,0.0188583396469524,0.0
03,STA-LSTM-H,0.9933545586107092,0.991925293728927,40954.828125,0.0125107287756785,0.7258491516113281
03,STA-LSTM,0.9930767004341534,0.9916570268559064,43850.64453125,0.0124643743550337,0.7258491516113281
03,1D-CNN,0.8199479015918958,0.79446947858959,42292.10546875,0.0097129005728513,0.1528511047363281
03,XGBoost,0.8210477568740955,0.7807003907835446,,0.0020644208268085,4.253661155700684
03,GRU,0.8074674384949349,0.7865713720555156,37904.47265625,0.0097505896488358,0.3380317687988281
03,LSTM,0.8175050651230101,0.7929325509224014,39156.08984375,0.0103730904544917,0.4500923156738281
03,Transformer,0.8260376266280752,0.8011296358128547,36352.015625,0.0135552153050597,1.145526885986328
03,KF,,,2385.079067910711,0.0184891924744555,0.0
03,EKF-HMM,,,2665.202056841692,0.0189646838782773,0.0
04,STA-LSTM,0.9934934876989868,0.991057074581307,51558.44921875,0.0125770660376044,0.7258491516113281
04,STA-LSTM-H,0.9935513748191028,0.9911343037656714,50120.46484375,0.0128098458008552,0.7258491516113281
04,1D-CNN,0.8287351664254703,0.7942892504431914,50357.41796875,0.0135320684806525,0.1528511047363281
04,XGBoost,0.8287698986975398,0.7747033880542228,,0.0033212457776781,4.251067161560059
04,LSTM,0.8267554269175108,0.790361997892758,35091.98828125,0.010572860874613,0.4500923156738281
04,Transformer,0.8300086830680173,0.7950288780523233,40228.56640625,0.0135753616102999,1.145526885986328
04,GRU,0.756642547033285,0.7141998856407429,34194.8046875,0.0098634219516807,0.3380317687988281
04,KF,,,972.3823217578056,0.0295307621071398,0.0
04,EKF-HMM,,,1091.3176279336749,0.0299758053143466,0.0
05,STA-LSTM,0.9937018813314038,0.9917443315361504,47356.5546875,0.012281082825285,0.7258491516113281
05,STA-LSTM-H,0.9932272069464544,0.9911441846297736,46738.43359375,0.0122383612972265,0.7258491516113281
05,1D-CNN,0.8261186685962373,0.791114740824652,43704.078125,0.0096252754616366,0.1528511047363281
05,XGBoost,0.8327872648335746,0.7900097726385179,,0.0021409757796529,4.235232353210449
05,GRU,0.8192532561505065,0.7877175528957098,59276.671875,0.0096693721218452,0.3380317687988281
05,LSTM,0.8265933429811867,0.7943480973825036,48753.5234375,0.0101422851517063,0.4500923156738281
05,Transformer,0.821534008683068,0.7894016984541364,40952.0078125,0.0134932260378095,1.145526885986328
05,KF,,,2917.44829046465,0.0188333610997315,0.0
05,EKF-HMM,,,3267.290397524692,0.019161167825463,0.0
06,STA-LSTM-H,0.992671490593343,0.9915084425053636,22986.4140625,0.0128167266802466,0.7258491516113281
06,STA-LSTM,0.992150506512301,0.9909282226846148,25278.005859375,0.0129085534242791,0.7258491516113281
06,1D-CNN,0.8169030390738061,0.7972338244215099,24414.54296875,0.0097774920995884,0.1528511047363281
06,XGBoost,0.8147033285094066,0.7905861757226896,,0.0032318950726417,4.251648902893066
06,GRU,0.8125383502170767,0.7938650920947669,23903.982421875,0.0099303888739255,0.3380317687988281
06,LSTM,0.7916410998552822,0.771752703578569,25719.654296875,0.0104375935284968,0.4500923156738281
06,Transformer,0.7927178002894356,0.7733061921148611,20997.685546875,0.0139852426164445,1.145526885986328
06,KF,,,1538.3298569793062,0.0187311055982423,0.0
06,EKF-HMM,,,1723.1975668514942,0.0191454999930563,0.0
07,STA-LSTM-H,0.9934356005788711,0.9924778208891296,75184.6484375,0.0124646828249743,0.7258491516113281
07,STA-LSTM,0.9933892908827786,0.9924384372711044,72426.3828125,0.0124607542125365,0.7258491516113281
07,1D-CNN,0.7164804630969609,0.7055306972224044,75564.1640625,0.009704750900557,0.1528511047363281
07,XGBoost,0.728451519536903,0.7147367239086307,,0.002090469186023,4.259172439575195
07,LSTM,0.6723473227206946,0.6677239587704795,80494.0234375,0.0103243885025403,0.4500923156738281
07,GRU,0.6538581765557163,0.6523778507706749,76122.203125,0.0097812206434509,0.3380317687988281
07,Transformer,0.6997858176555717,0.6926231745283453,72502.859375,0.0135913521277835,1.145526885986328
07,KF,,,4595.1829025105135,0.0185511232072058,0.0
07,EKF-HMM,,,5105.378816852717,0.0189896158499349,0.0
08,STA-LSTM,0.990217076700434,0.988910810141146,51988.625,0.0125079145008097,0.7258491516113281
08,STA-LSTM-H,0.9903212735166426,0.9889914042127712,50405.0,0.0125462588828526,0.7258491516113281
08,1D-CNN,0.4581070911722142,0.3988685836263701,45786.26953125,0.0096621038378708,0.1528511047363281
08,XGBoost,0.4894703328509406,0.4610464842406032,,0.0035077689145455,4.246268272399902
08,GRU,0.4486946454413893,0.3953664566264183,46763.6171875,0.0098531382918551,0.3380317687988281
08,LSTM,0.463930535455861,0.4118518040707701,51431.94140625,0.0103468192180594,0.4500923156738281
08,Transformer,0.4531751085383502,0.3972908123990819,35386.83984375,0.0139880800355554,1.145526885986328
08,KF,,,1544.2440420973653,0.018754983270964,0.0
08,EKF-HMM,,,1719.3030080823155,0.0191297092328087,0.0
09,STA-LSTM,0.9919884225759767,0.9910761046174406,43370.59765625,0.012534154107317,0.7258491516113281
09,STA-LSTM-H,0.9841157742402316,0.9839173685172118,45360.26953125,0.0124887275481232,0.7258491516113281
09,1D-CNN,0.7423444283646888,0.7326467055465969,50570.078125,0.0096821956816311,0.1528511047363281
09,XGBoost,0.7437105643994212,0.727808519465155,,0.0020551509931467,4.254047393798828
09,GRU,0.7480636758321274,0.7361804214327412,47237.421875,0.0098031545475707,0.3380317687988281
09,LSTM,0.6813082489146165,0.6754925509012649,48583.80859375,0.0103481321685911,0.4500923156738281
09,Transformer,0.5792648335745296,0.5595815141335237,48623.81640625,0.0134649506329347,1.145526885986328
09,KF,,,4409.750143298844,0.0185411346337708,0.0
09,EKF-HMM,,,4903.037150501517,0.0190067551841396,0.0
10,STA-LSTM,0.9948133140376266,0.9926426727126688,36878.1015625,0.0128117754904475,0.7258491516113281
10,STA-LSTM-H,0.9948364688856728,0.9926607895611628,38346.34375,0.0128939483306665,0.7258491516113281
10,1D-CNN,0.8411808972503618,0.8049037876411296,37012.66796875,0.0100117022974899,0.1528511047363281
10,XGBoost,0.8685267727930536,0.829820801614294,,0.0033510015514583,4.247368812561035
10,GRU,0.8323936324167872,0.7961465588906039,41856.48828125,0.0101828595661112,0.3380317687988281
10,LSTM,0.8336208393632417,0.7954221086877064,45079.234375,0.0107592702054791,0.4500923156738281
10,Transformer,0.842767004341534,0.8065001760426299,37834.09765625,0.019293498951408,1.145526885986328
10,KF,,,1758.4479017370245,0.0194465527526613,0.0
10,EKF-HMM,,,1967.200850599108,0.0197314165664672,0.0
11,STA-LSTM-H,0.9937018813314038,0.987619603719597,34837.0,0.0125330834489116,0.7258491516113281
11,STA-LSTM,0.9928798842257598,0.9869546454372568,32498.30078125,0.0123580186513243,0.7258491516113281
11,XGBoost,0.8142170767004342,0.7147657583020476,,0.0020744744769139,4.242247581481934
11,1D-CNN,0.7578465991316932,0.6929367166996503,36483.5234375,0.0096053577657632,0.1528511047363281
11,LSTM,0.7494761215629523,0.6812750365525441,31935.951171875,0.010229171380433,0.4500923156738281
11,Transformer,0.7731403762662807,0.6997237995116109,28886.166015625,0.0135334558493839,1.145526885986328
11,GRU,0.7068133140376266,0.6534698489992026,35121.73046875,0.0097206871775983,0.3380317687988281
11,KF,,,1979.140712592338,0.0183991095571416,0.0
11,EKF-HMM,,,2230.987539769593,0.019011647838091,0.0
12,STA-LSTM-H,0.9933892908827786,0.9914844050517364,29723.453125,0.0125032426511758,0.7258491516113281
12,STA-LSTM,0.9930998552821996,0.9911760442725028,30197.58203125,0.0124805693308433,0.7258491516113281
12,1D-CNN,0.8504544138929089,0.8238279249597961,29357.515625,0.0099396222161854,0.1528511047363281
12,XGBoost,0.8606193921852388,0.8276210737635977,,0.0030993691115881,4.246460914611816
12,GRU,0.8423386396526773,0.8193628198789881,33260.65625,0.010036771820505,0.3380317687988281
12,LSTM,0.8312706222865412,0.8075745508736962,32040.578125,0.0145267574871349,0.4500923156738281
12,Transformer,0.8482894356005789,0.8235822838931895,28629.015625,0.0135625043018638,1.145526885986328
12,KF,,,2030.424347392512,0.0188730673813267,0.0
12,EKF-HMM,,,2273.7269973453767,0.0192292195889025,0.0
13,STA-LSTM,0.994327062228654,0.9919158633316426,65998.9140625,0.0124981126717026,0.7258491516113281
13,STA-LSTM-H,0.9942691751085384,0.9918132871704048,75284.7421875,0.0124796999715451,0.7258491516113281
13,XGBoost,0.8383791606367583,0.7554682098913905,,0.0020677482604161,4.250547409057617
13,1D-CNN,0.8117163531114328,0.7404173222407188,83711.40625,0.009664769169865,0.1528511047363281
13,GRU,0.8115658465991317,0.7663826122275522,79830.6953125,0.0097849611934225,0.3380317687988281
13,LSTM,0.8061476121562953,0.7505914590147648,76527.5,0.0103062633290218,0.4500923156738281
13,Transformer,0.8152590448625181,0.7655043509590191,77208.3515625,0.0134577225009585,1.145526885986328
13,KF,,,4183.529914901925,0.018238053070826,0.0
13,EKF-HMM,,,4677.402974611483,0.0186403686256187,0.0
14,STA-LSTM,0.9945238784370476,0.9926303834246464,42583.59765625,0.0125440506968113,0.7258491516113281
14,STA-LSTM-H,0.9942923299565848,0.9922993053285092,44430.81640625,0.0125817753867867,0.7258491516113281
14,1D-CNN,0.8257481910274964,0.7742634237799776,42635.375,0.0098230515535268,0.1528511047363281
14,XGBoost,0.8309811866859623,0.760603800398666,,0.0032579238673432,4.246655464172363
14,GRU,0.8099913169319827,0.7550717096717868,44238.79296875,0.0101567120351943,0.3380317687988281
14,LSTM,0.7978350217076701,0.740052510400743,50045.9375,0.0106382711322819,0.4500923156738281
14,Transformer,0.8313748191027497,0.7823553366164302,43689.1484375,0.0141145501355876,1.145526885986328
14,KF,,,2828.693942135062,0.0184144857076742,0.0
14,EKF-HMM,,,3195.712192530017,0.0186982531054686,0.0
15,STA-LSTM,0.9930998552821996,0.9909136752899804,77372.2578125,0.0125359507390822,0.7258491516113281
15,STA-LSTM-H,0.992,0.9897930859287204,74287.875,0.01248904372742,0.7258491516113281
15,1D-CNN,0.8152127351664255,0.7861715680752633,73395.015625,0.009762836040662,0.1528511047363281
15,XGBoost,0.832590448625181,0.8009955563148607,,0.0020904677384971,4.241339683532715
15,GRU,0.8058697539797395,0.7801866049896772,74983.53125,0.009772665805403,0.3380317687988281
15,LSTM,0.7651287988422576,0.7350232317811223,81347.5234375,0.0103181331403628,0.4500923156738281
15,Transformer,0.787589001447178,0.760571088063028,84150.4765625,0.0136102606190635,1.145526885986328
15,KF,,,4878.614206779752,0.0182782693950704,0.0
15,EKF-HMM,,,5458.881464336787,0.0187315449506777,0.0
16,STA-LSTM,0.9930303907380608,0.9899397028954304,30777.099609375,0.0125119888969035,0.7258491516113281
16,STA-LSTM-H,0.9926136034732272,0.9893162853619176,30205.158203125,0.0127627981716144,0.7258491516113281
16,1D-CNN,0.7892329956584659,0.7122857689032438,31665.337890625,0.0096467348764476,0.1528511047363281
16,XGBoost,0.7927641099855283,0.6810595481326217,,0.0032033655339617,4.243738174438477
16,GRU,0.7785586107091172,0.7010370560631375,29501.154296875,0.010138295479011,0.3380317687988281
16,LSTM,0.7790680173661361,0.6961224786946324,30584.9296875,0.010329768995656,0.4500923156738281
16,Transformer,0.7838610709117222,0.7112313783707088,30498.849609375,0.013761932248662,1.145526885986328
16,KF,,,2309.9505287529278,0.0186849796467941,0.0
16,EKF-HMM,,,2602.1874354512083,0.0190141971510135,0.0
17,STA-LSTM,0.992972503617945,0.9894617423026718,58442.30078125,0.0121246760875504,0.7258491516113281
17,STA-LSTM-H,0.9923936324167872,0.988738750459416,56969.3046875,0.01248338793616,0.7258491516113281
17,1D-CNN,0.8128972503617945,0.7644846180952992,57989.171875,0.0095686751367947,0.1528511047363281
17,XGBoost,0.8361331403762663,0.7790327939761384,,0.0035929552639272,4.249185562133789
17,LSTM,0.7748538350217077,0.724639327536068,69664.5859375,0.0099549987387079,0.4500923156738281
17,Transformer,0.8104081041968162,0.7609554662343182,57242.9453125,0.018112559804178,1.145526885986328
17,GRU,0.7541765557163531,0.7131836189383017,64891.33203125,0.0136786382402766,0.3380317687988281
17,KF,,,3416.9570893351924,0.018584752312488,0.0
17,EKF-HMM,,,3817.093819636294,0.0191105623499054,0.0
18,STA-LSTM,0.9935050651230102,0.9893067662535002,20754.009765625,0.0120465332674544,0.7258491516113281
18,STA-LSTM-H,0.9933661360347322,0.9891752180054398,25298.111328125,0.0166349624541039,0.7258491516113281
18,1D-CNN,0.7995369030390738,0.7226234902822705,27840.63671875,0.0134351922781375,0.1528511047363281
18,XGBoost,0.789534008683068,0.6993372766302768,,0.0031025805274717,4.252946853637695
18,GRU,0.7748538350217077,0.707337966133637,26114.796875,0.0136117616900163,0.3380317687988281
18,LSTM,0.7776555716353112,0.7040783602108632,33270.17578125,0.0139791186340961,0.4500923156738281
18,Transformer,0.7618176555716353,0.7061364310953152,27479.744140625,0.0125096158384629,1.145526885986328
18,KF,,,1168.1257867191237,0.0291511164910757,0.0
18,EKF-HMM,,,1332.4325054745102,0.0297189471722943,0.0
