animal,n_windows,model,accuracy_mean,accuracy_std,f1_mean,f1_std,rmse_mean,rmse_std,latency_ms_mean,composite_score,rank,total_time_s
01,86400,GRU + bp,0.99372503617945,0.0006716901744421,0.991481930659778,0.0009293277609338,10692.68828125,254.6191590014388,0.0100119607388304,0.9998788528294852,1,5503.04
01,86400,GRU + bp_lag1,0.986685962373372,0.0012420800932739,0.9818898463034718,0.0016733671720611,10997.38046875,482.2317381924051,0.0101447507628548,0.9929039398095844,2,5503.04
01,86400,LSTM + bp,0.9935282199710564,0.0007999321410188,0.9913772372273618,0.0010512804471029,11044.6103515625,479.9034572545147,0.0104897260779107,0.9702682574364876,3,5503.04
01,86400,LSTM + bp_lag1,0.9864891461649784,0.0008409386881544,0.9818527693369276,0.0011067141218544,10934.16015625,313.2532835262368,0.0105877127404043,0.9637189739177776,4,5503.04
01,86400,STA-LSTM-H + bp_lag1,0.9874616497829232,0.000850448285833,0.9832499085328218,0.0011357508903738,11778.9982421875,398.0731341071451,0.0126647310204771,0.9206130270032822,5,5503.04
01,86400,STA-LSTM + bp_lag1,0.9850767004341534,0.0018251984303725,0.9799707932732188,0.0024720013769865,11949.616015625,626.7048000509783,0.0126255657186923,0.9189385404140752,6,5503.04
01,86400,STA-LSTM (accel),0.9701302460202604,0.0018981327033904,0.9629616049352137,0.0022325663782169,11940.45546875,256.2002211979992,0.0126361019165402,0.9069676326285868,7,5503.04
01,86400,STA-LSTM-H (accel),0.9680347322720694,0.0064090636811309,0.9601521507942116,0.0087065255450539,11756.649609375,348.98585748485783,0.0125859507619687,0.9055966104046936,8,5503.04
01,86400,Transformer + bp,0.9938755426917512,0.000862809418646,0.9917369279740356,0.0011167830816807,14505.538671875,309.8328258290956,0.013793042548238,0.9021791748781892,9,5503.04
01,86400,Transformer + bp_lag1,0.9882836468885672,0.0007009841043459,0.9840977654276613,0.0009196993459243,14897.9560546875,451.7526837727848,0.0137957280566417,0.8976639615822508,10,5503.04
02,86400,GRU + bp,0.9932503617945004,0.0004892745958695,0.9921738919086908,0.0005572820079271,12392.3287109375,219.57011656770104,0.0098947689271439,0.9997144098698278,1,5402.75
02,86400,GRU + bp_lag1,0.986246020260492,0.0007693544532948,0.9840074396436336,0.0008118859128781,12953.76328125,616.3489146451661,0.0098748136495068,0.9942751249985432,2,5402.75
02,86400,LSTM + bp,0.9933545586107092,0.0004322582854435,0.9923338553900156,0.0004594984958314,13487.869140625,460.7610268488848,0.0103742838790033,0.970287927251302,3,5402.75
02,86400,LSTM + bp_lag1,0.9856324167872648,0.0004708468748518,0.9832817553636046,0.0004252212438125,13371.7330078125,417.995713894877,0.0103666977606465,0.964138540140149,4,5402.75
02,86400,STA-LSTM-H + bp_lag1,0.9865007235890016,0.0003864154968053,0.9843384820007428,0.00035426058896,14496.8876953125,790.6886825293362,0.0124582671122315,0.9204652747962422,5,5402.75
02,86400,STA-LSTM + bp_lag1,0.986246020260492,0.0011423579863195,0.9841028787287452,0.0012328256192116,14260.619921875,627.3910125152537,0.0125119028769314,0.919920365405745,6,5402.75
02,86400,Transformer + bp,0.9933082489146164,0.000463964455213,0.9922560596152088,0.0004884539853148,18896.6484375,509.87773379308175,0.0135547087356642,0.9024063804267468,7,5402.75
02,86400,STA-LSTM-H (accel),0.9601157742402316,0.0026741092821883,0.9550226532804548,0.0030106655279285,14388.3701171875,355.72799346852497,0.0125711813512461,0.8986302234903911,8,5402.75
02,86400,Transformer + bp_lag1,0.9870217076700436,0.0004779106787971,0.984877311155764,0.0005408075512574,18509.473828125,523.531115660121,0.013580090499735,0.8972073397648204,9,5402.75
02,86400,STA-LSTM (accel),0.9570361794500724,0.007276427116667,0.9515974123989837,0.0078759086875067,14596.302734375,572.4194568471437,0.0125266651699775,0.8964292143853844,10,5402.75
03,86400,GRU + bp,0.9931461649782924,0.0002184423995845,0.9916705227403688,0.0002522002992441,7612.829296875,286.8255658878532,0.0099039211324732,0.9999813487206388,1,5393.43
03,86400,GRU + bp_lag1,0.9847525325615052,0.0009759431972541,0.981399064010741,0.0010637714511834,8056.09638671875,333.53150849156395,0.0099255679762893,0.9930021682130954,2,5393.43
03,86400,LSTM + bp,0.993041968162084,0.0003881459823847,0.9916277277541604,0.000414571004669,7792.4380859375,227.64614040140972,0.0104187436606708,0.9700585374007497,3,5393.43
03,86400,LSTM + bp_lag1,0.9844862518089724,0.0004587348829212,0.9810589866413938,0.0007359805278958,7780.39912109375,276.12494669829545,0.0104138877326366,0.9632112149244366,4,5393.43
03,86400,STA-LSTM + bp_lag1,0.9858523878437048,0.0006011348184427,0.9827515132179924,0.0007709915716834,8085.18251953125,258.71587369995086,0.0123965410480623,0.9207206977108484,5,5393.43
03,86400,STA-LSTM-H + bp_lag1,0.9858292329956584,0.000911166072125,0.9828666033378054,0.0010238187173292,8294.7396484375,398.98656052915294,0.0124194710953471,0.9205545408344524,6,5393.43
03,86400,Transformer + bp,0.9931693198263388,0.0006351776196513,0.9916810234593416,0.0007259480924201,11004.341015625,657.1658740162969,0.0136110026850304,0.9023562208678352,7,5393.43
03,86400,STA-LSTM (accel),0.9601389290882778,0.0012998720063269,0.9538668358054444,0.0018991810536568,8620.78125,372.4626482512659,0.0124654194499148,0.8996930597628614,8,5393.43
03,86400,STA-LSTM-H (accel),0.95827496382055,0.0018266665760654,0.9516310520067652,0.0022441744297215,8349.1220703125,213.83020590291244,0.0125122765381045,0.8978940959667129,9,5393.43
03,86400,Transformer + bp_lag1,0.9865817655571636,0.0006418948202896,0.9836848096683968,0.0007863286356498,11044.248046875,342.41559322415134,0.0135951447293873,0.8971348070126532,10,5393.43
04,86400,GRU + bp,0.9931577424023156,0.0008222416627294,0.9907011713587724,0.0011510998998823,4372.20478515625,135.0575336789844,0.0100309984022603,0.9998609307006076,1,5474.44
04,86400,GRU + bp_lag1,0.98638494934877,0.0013778593849434,0.9813207431879702,0.0019220888976252,4296.96806640625,75.3773945395478,0.0100217254188143,0.9944981291307744,2,5474.44
04,86400,LSTM + bp,0.9929261939218524,0.0009928273956361,0.9904946926654226,0.0013356102357558,4379.390625,62.36369537856376,0.0104920132686795,0.9703869589748736,3,5474.44
04,86400,LSTM + bp_lag1,0.9853661360347322,0.0003722821462416,0.9799635140096312,0.0004916708685953,4638.84443359375,180.27587790116075,0.0113359026357466,0.9571868884115526,4,5474.44
04,86400,STA-LSTM-H + bp_lag1,0.9862923299565848,0.0012492893508738,0.9813188203759716,0.0016955547979599,4921.881640625,111.24248998586242,0.0126016525856277,0.9206724846472542,5,5474.44
04,86400,STA-LSTM + bp_lag1,0.9854819102749636,0.001632129379098,0.980202697904945,0.0022519727560352,4958.53056640625,50.21749608561568,0.0126546894816086,0.9196864154801202,6,5474.44
04,86400,Transformer + bp,0.9932156295224314,0.0012562438693654,0.9907941477199944,0.0016093059681675,5424.9109375,85.14500071095527,0.013751704775487,0.902468379340895,7,5474.44
04,86400,Transformer + bp_lag1,0.986697539797395,0.0010128757384937,0.9818988120987336,0.0015608937214474,5531.3521484375,107.2640957914456,0.0138230367689009,0.8968422205904607,8,5474.44
04,86400,STA-LSTM (accel),0.942657018813314,0.0063096004984858,0.9307648785868246,0.0070405792132091,4956.3076171875,59.1105030062097,0.012690309013271,0.885096258398712,9,5474.44
04,86400,STA-LSTM-H (accel),0.937806078147612,0.0088720089909649,0.9248490220035916,0.0105612512889975,4965.85634765625,89.74607891846908,0.0127115908999389,0.8810567826245717,10,5474.44
05,86400,GRU + bp,0.9933545586107092,0.0006714905933429,0.9913497183403784,0.0009070846332928,8788.369921875,318.0753909199093,0.0098136638704951,0.9998415250879767,1,5363.26
05,86400,GRU + bp_lag1,0.985643994211288,0.0019167543493094,0.9811296886140448,0.0026593781121777,8868.2546875,167.16151734958058,0.0098359465461585,0.9934064940807869,2,5363.26
05,86400,LSTM + bp,0.993342981186686,0.000583483793614,0.9913534854614726,0.0007607780404048,8866.0333984375,260.9247927780476,0.0103325533320758,0.9699127434963896,3,5363.26
05,86400,LSTM + bp_lag1,0.9856324167872648,0.0012784537899601,0.9811754852968406,0.0017378928955719,9024.5306640625,167.5947590443232,0.0103161259393939,0.9638554988512494,4,5363.26
05,86400,STA-LSTM + bp_lag1,0.9862923299565848,0.0014549832927928,0.9821777718716398,0.0019580991566799,9492.369921875,403.3983692159868,0.0123999505054459,0.9200197232396328,5,5363.26
05,86400,STA-LSTM-H + bp_lag1,0.986234442836469,0.000711234618971,0.9821251927554556,0.0009658473541541,9637.9787109375,558.0584621384274,0.0124263985988221,0.9198046671211374,6,5363.26
05,86400,STA-LSTM (accel),0.9646772793053546,0.0022363915529269,0.9578262284061524,0.0022804998569536,9329.683203125,325.8013724140699,0.0124626484997408,0.9023433510174784,7,5363.26
05,86400,Transformer + bp,0.9935513748191028,0.00058531865284,0.99152087387871,0.0008366990478147,11463.3189453125,377.6735743984538,0.0135016530811484,0.9022770451798096,8,5363.26
05,86400,STA-LSTM-H (accel),0.960069464544139,0.0021035895906406,0.951823368250597,0.0027577383519273,9329.51328125,177.67283630900073,0.012512271725148,0.8983208753407624,9,5363.26
05,86400,Transformer + bp_lag1,0.9872301013024604,0.000792525202437,0.9832725073356904,0.0010264340806127,11075.10859375,262.9112944658439,0.0134659873216524,0.8973797157563609,10,5363.26
06,86400,GRU + bp,0.9924862518089724,0.000685320918643,0.9913367567676824,0.0007723610743335,6412.25654296875,182.5335861201808,0.0100439997112267,1.0,1,5491.67
06,86400,GRU + bp_lag1,0.982958031837916,0.0023384103855179,0.9803181539575114,0.0025921965297682,6408.685546875,299.30272121549774,0.0100790311416608,0.9919721488662502,2,5491.67
06,86400,LSTM + bp,0.9921736613603472,0.0007452840261386,0.9909950609590654,0.0009080562217505,6501.05947265625,224.8041476213669,0.0104861986094225,0.9706335039601466,3,5491.67
06,86400,LSTM + bp_lag1,0.9836642547033284,0.001185993938915,0.9814061378745844,0.0011972168402209,6732.49697265625,66.64704876394707,0.011374439164058,0.9562946545800298,4,5491.67
06,86400,STA-LSTM + bp_lag1,0.9840578871201158,0.0015694136685689,0.9816509005874596,0.0016559967929472,7410.26845703125,134.02002406262545,0.0126420448853616,0.9193773160536518,5,5491.67
06,86400,STA-LSTM-H + bp_lag1,0.9847641099855282,0.0016255461945429,0.9824146879531112,0.0018073739200027,7142.04814453125,341.46899018020963,0.0127810451152226,0.91908252230564,6,5491.67
06,86400,Transformer + bp,0.99178002894356,0.0010636118393383,0.9904797745501056,0.0012783599581477,9159.5693359375,211.33365801426268,0.0137737170225696,0.901944373714182,7,5491.67
06,86400,Transformer + bp_lag1,0.9852387843704776,0.0015541371178743,0.9829170944322794,0.0016963374397999,9348.0560546875,299.5533607841974,0.0137573645171182,0.8967584381153296,8,5491.67
06,86400,STA-LSTM (accel),0.9483878437047756,0.0050759578141582,0.944152291525923,0.0056019795890578,7267.0087890625,131.64262619426307,0.0127196794311083,0.8902663867039918,9,5491.67
06,86400,STA-LSTM-H (accel),0.9479247467438494,0.0035735815519318,0.9431124527457426,0.0042893611691791,7326.32021484375,94.2129208273319,0.0127338911049531,0.8898049762415227,10,5491.67
07,86400,GRU + bp,0.9931577424023156,0.0010467169484036,0.992180971284701,0.001213933615512,17912.37109375,338.39392624718295,0.0098785241343372,0.9996994786627924,1,5400.15
07,86400,GRU + bp_lag1,0.985863965267728,0.0010562773698831,0.983913683756629,0.0011032767610804,18035.044140625,736.3138868417835,0.0098525218749162,0.994087751200634,2,5400.15
07,86400,LSTM + bp,0.9927293777134588,0.0010532274769823,0.9917654438130948,0.0012380732640211,19227.870703125,425.405967727934,0.0103895503922477,0.96955116326821,3,5400.15
07,86400,LSTM + bp_lag1,0.9853661360347324,0.0007380551062464,0.983307670544858,0.0008590100675628,19730.673046875,543.7088022605286,0.0103664057067825,0.9638319896187216,4,5400.15
07,86400,STA-LSTM + bp_lag1,0.9858292329956584,0.0006439795767373,0.9838802961743646,0.0007846555641906,20437.591015625,1235.529523760012,0.0124288359387372,0.9200531370919444,5,5400.15
07,86400,STA-LSTM-H + bp_lag1,0.9855397973950796,0.0009155685751556,0.9834644298128868,0.0010190745022221,20573.791015625,892.5205005887833,0.0124242332509237,0.9198493712049786,6,5400.15
07,86400,Transformer + bp,0.993204052098408,0.0009309573600219,0.9922575248234814,0.0010890731250357,26054.339453125,621.6099305544071,0.0135353720988188,0.902383059022418,7,5400.15
07,86400,Transformer + bp_lag1,0.98616497829233,0.0013800949876872,0.9841646270722312,0.0015574967512658,25280.693359375,717.1792697180601,0.0135538479766111,0.8966140437020605,8,5400.15
07,86400,STA-LSTM (accel),0.9348885672937772,0.0067669424431327,0.9328025979957932,0.0068812026105755,20274.452734375,465.9723674479385,0.0125221887700443,0.8785568481903351,9,5400.15
07,86400,STA-LSTM-H (accel),0.9341128798842258,0.0028840104540514,0.9317466734073676,0.0029226638237577,20772.473828125,577.9407526248834,0.0125282053739996,0.8778942662858132,10,5400.15
08,86400,GRU + bp,0.9900434153400868,0.0003679362913359,0.9887121844176128,0.0003510144315115,6071.951171875,138.00219875636526,0.0107597435815138,0.99287029768168,1,5456.55
08,86400,GRU + bp_lag1,0.97967004341534,0.0009170313793719,0.9768430972486432,0.001061306190783,6205.9693359375,106.45579696762232,0.0100268161156135,0.991303229727992,2,5456.55
08,86400,LSTM + bp,0.9901128798842258,0.000161254857044,0.9887819777184944,0.0001825601603232,6291.49921875,138.55191488811516,0.010540760394493,0.969964812286723,3,5456.55
08,86400,LSTM + bp_lag1,0.9794848046309697,0.0011810107490645,0.9766822006829118,0.0013155130153253,6404.71943359375,196.80817888605972,0.0104728992408419,0.9619966339825377,4,5456.55
08,86400,STA-LSTM-H + bp_lag1,0.9803068017366134,0.0007425814279976,0.9776813231089146,0.0008136926500948,6907.59638671875,55.880429405277376,0.0126153418104206,0.9180205684008064,5,5456.55
08,86400,STA-LSTM + bp_lag1,0.97989001447178,0.0005841725412002,0.9771762555993772,0.0006868808540139,6961.31396484375,185.0198260782414,0.0125655117801858,0.9179991110920288,6,5456.55
08,86400,Transformer + bp,0.9904370477568742,9.261939218525584e-05,0.9891036984159278,0.0001829033094423,8295.52578125,282.6991506626863,0.0137077757924277,0.9027390613874994,7,5456.55
08,86400,Transformer + bp_lag1,0.9800057887120116,0.0014054058146911,0.9772108876358996,0.0015806691541879,8178.2265625,237.3874756343456,0.0136789339062166,0.8944677102315627,8,5456.55
08,86400,STA-LSTM-H (accel),0.927108538350217,0.0052790260672056,0.9210539283793218,0.0058551723765036,6980.09326171875,65.05335300946366,0.012701232762611,0.8746396172256182,9,5456.55
08,86400,STA-LSTM (accel),0.9261476121562952,0.0054462397939547,0.920390813186726,0.0059596998830481,6890.1275390625,91.74033086816448,0.0127177513413422,0.8737609171129894,10,5456.55
09,86400,GRU + bp,0.9918726483357452,0.0006756694164475,0.9909604382997936,0.0007199491068199,14422.976171875,797.5129379889014,0.0099426260482191,0.9985541115086676,1,5359.81
09,86400,GRU + bp_lag1,0.9833748191027496,0.0010651230101302,0.9815133781111844,0.0011543428591059,14448.3291015625,728.274552652877,0.0098053652108491,0.9930812324929972,2,5359.81
09,86400,LSTM + bp,0.991409551374819,0.0008353414301613,0.9905368292663368,0.0007804884310412,15559.64765625,553.8690293808002,0.0103687704318403,0.9692299138836616,3,5359.81
09,86400,LSTM + bp_lag1,0.9829348769898696,0.0013894838264476,0.98101196357022,0.0015119003781593,15362.0095703125,563.3045810761718,0.0102836621140821,0.9631778176149146,4,5359.81
09,86400,STA-LSTM-H + bp_lag1,0.9831201157742402,0.0008775962330881,0.9812692668230208,0.0009073030072443,15781.369921875,698.0235086623146,0.0124095021255109,0.9186126780862832,5,5359.81
09,86400,STA-LSTM + bp_lag1,0.9833516642547032,0.001498192032238,0.9815609513928756,0.0015316788445368,16297.378125,943.0127931324552,0.0124832764456611,0.9183324526069526,6,5359.81
09,86400,Transformer + bp,0.9919536903039072,0.0006393841399239,0.9910389466161058,0.0006917228251672,23590.06328125,1325.5326504563525,0.0134724060871386,0.9023732380232962,7,5359.81
09,86400,Transformer + bp_lag1,0.9835137481910274,0.0010441527188083,0.981665025245046,0.0011274074811261,21901.937109375,1220.7577277802925,0.013397791976845,0.8959718430894839,8,5359.81
09,86400,STA-LSTM (accel),0.9285788712011576,0.0039879814668517,0.9254580600256044,0.0038835091756496,15976.921484375,420.37426220473225,0.0124457236244606,0.8745218472891685,9,5359.81
09,86400,STA-LSTM-H (accel),0.9272474674384948,0.0073646796145767,0.923969541905145,0.0073439348718423,16233.9919921875,805.5623260936835,0.0125100722633485,0.8730428343157449,10,5359.81
10,86400,GRU + bp_lag1,0.9880984081041968,0.0011718961173602,0.9832214107165024,0.0016316756391962,6899.96904296875,164.5919837396549,0.0100652656319797,0.9950256750620046,1,5499.89
10,86400,GRU + bp,0.9942807525325614,0.0003776441431039,0.991931732537442,0.0005687285844229,7009.58466796875,185.65741718161,0.0108409432583797,0.9928449249487552,2,5499.89
10,86400,LSTM + bp,0.9937134587554268,0.0002472261245043,0.991158148339219,0.0003257633187635,7168.93271484375,325.8597612123288,0.0105410180258121,0.9701326410083612,3,5499.89
10,86400,LSTM + bp_lag1,0.987820549927641,0.000616545387239,0.9827689409217452,0.0007233170094312,7379.1361328125,296.9620146901787,0.0105538284446499,0.9652752931026812,4,5499.89
10,86400,STA-LSTM-H + bp_lag1,0.9863502170767005,0.002354632880812,0.9807346400940116,0.0035076162542547,7401.15166015625,115.54789476486552,0.0126650263629476,0.919813876938483,5,5499.89
10,86400,STA-LSTM + bp_lag1,0.986246020260492,0.0013111656330055,0.9807457714311764,0.0019026608669703,7582.94833984375,173.66898917875918,0.0127334511608381,0.9193029823187148,6,5499.89
10,86400,STA-LSTM (accel),0.9740781476121562,0.0026909480152117,0.9658483853028634,0.0036635328687976,7787.3689453125,145.14506160674196,0.0126433004914916,0.91020237177581,7,5499.89
10,86400,STA-LSTM-H (accel),0.9722952243125904,0.0052386532433157,0.9633324912609944,0.006490778142125,7741.40048828125,53.15155560198802,0.0126912202254778,0.908467237749378,8,5499.89
10,86400,Transformer + bp,0.994246020260492,0.0004247510582424,0.9918124480318504,0.0006430240574487,9568.7736328125,369.175017891542,0.0138199216781882,0.9023957612221876,9,5499.89
10,86400,Transformer + bp_lag1,0.9888509406657018,0.0008313203158791,0.9841416043378886,0.0012609926989456,9505.973828125,270.1502691503042,0.0137208784497767,0.8985806006421838,10,5499.89
11,86400,GRU + bp,0.9921736613603472,0.0006901931605575,0.9844786137343692,0.0013626602680207,7713.03779296875,410.9679290121187,0.0099452391547163,0.9990117126041608,1,5394.17
11,86400,GRU + bp_lag1,0.983235890014472,0.0008369444664279,0.967058933397111,0.0020746963117969,8288.11591796875,281.5388472889778,0.009962646405222,0.9916392716869672,2,5394.17
11,86400,LSTM + bp,0.9921273516642548,0.0005368230677566,0.9847756560883948,0.0008391281862267,8166.376171875,142.4470354844905,0.0105045275943281,0.968752588443685,3,5394.17
11,86400,LSTM + bp_lag1,0.9841157742402314,0.0019364431399877,0.9695807737197524,0.0032127924463694,8590.1208984375,188.9555838891156,0.0104253157156529,0.9630200992351968,4,5394.17
11,86400,STA-LSTM + bp_lag1,0.9851693198263388,0.001263690549106,0.971169283937057,0.0022702200165677,9285.9103515625,400.28728416548313,0.0125547236710377,0.919308017959292,5,5394.17
11,86400,STA-LSTM-H + bp_lag1,0.9846946454413892,0.0016489601116715,0.9705081575032242,0.0025357944228011,9336.2755859375,244.8112445170173,0.0125312982342716,0.9190738369779088,6,5394.17
11,86400,STA-LSTM (accel),0.9702807525325616,0.0019910476713591,0.9477621929190512,0.0037314377886945,8898.4890625,144.15662092523755,0.0125730225988886,0.90732880915129,7,5394.17
11,86400,STA-LSTM-H (accel),0.9674327062228651,0.0044890855155871,0.9431012257896778,0.0079126476369202,8749.659765625,222.04329964987247,0.0126720873285866,0.9044168693278722,8,5394.17
11,86400,Transformer + bp,0.9934008683068016,0.0005059744922352,0.9870524329694752,0.0009104085393739,11625.2400390625,259.70224513632,0.0137011235992271,0.9021791723700312,9,5394.17
11,86400,Transformer + bp_lag1,0.9868364688856728,0.0005211127032093,0.9742346189710368,0.0009678917588108,11497.619140625,426.0518781379066,0.0137505643999718,0.8966317770580439,10,5394.17
12,86400,GRU + bp,0.9929261939218524,0.0009386999386685,0.9908689344175412,0.0012910024131257,7301.736328125,80.98478241718077,0.0099885670505949,0.9998880805819808,1,5460.8
12,86400,GRU + bp_lag1,0.9850998552822,0.0019232467523801,0.9810344175036174,0.0023571937345241,7629.33603515625,177.375294598529,0.0107210472484918,0.9867511164754544,2,5460.8
12,86400,LSTM + bp,0.992821997105644,0.0004238033046072,0.9908869977068118,0.0005789758983753,7745.40625,190.13531191723413,0.010446703883613,0.9705211036901102,3,5460.8
12,86400,LSTM + bp_lag1,0.984671490593343,0.000539810974327,0.98053900685483,0.0006222996773897,8016.7970703125,336.9723378191271,0.0104946297203903,0.963518521513034,4,5460.8
12,86400,STA-LSTM + bp_lag1,0.9856092619392186,0.0005027855456002,0.9817387838537356,0.0006038019414012,8245.4044921875,75.43231270161859,0.0125339494414314,0.92040763854274,5,5460.8
12,86400,STA-LSTM-H + bp_lag1,0.9848451519536904,0.0018601141328869,0.9807336143221632,0.0025995196464799,8317.278515625,240.94994485256424,0.0125621186445336,0.9196133807690676,6,5460.8
12,86400,STA-LSTM (accel),0.9758842257597684,0.0014177499984802,0.9699483446207378,0.0018304213822069,8102.32001953125,100.79714714755087,0.0125289403640714,0.9127311993244764,7,5460.8
12,86400,STA-LSTM-H (accel),0.9721678726483358,0.0017745589126028,0.9654421075338158,0.0023420420475922,8217.4607421875,238.2945848256691,0.0126795848216942,0.9087901651810242,8,5460.8
12,86400,Transformer + bp,0.9930651230101304,0.0005422883208627,0.9910900637063303,0.0007116142618598,9800.691796875,256.7441834528037,0.0137312348727163,0.9023355386105872,9,5460.8
12,86400,Transformer + bp_lag1,0.9862691751085384,0.0007074554497228,0.982358974214485,0.0009489862421381,9852.9830078125,196.78104983385776,0.0136168304474973,0.8974719814363814,10,5460.8
13,86400,GRU + bp,0.9933892908827786,0.0007187333462306,0.9904646060000598,0.0012084654434874,14113.4740234375,590.3383530454644,0.0098552733886172,0.998707303267338,1,5396.04
13,86400,GRU + bp_lag1,0.9858986975397974,0.0008714655521416,0.9796536404384768,0.0011892670324706,14577.9021484375,1017.6380511205994,0.0097324686426825,0.9939213835378572,2,5396.04
13,86400,LSTM + bp,0.9934471780028944,0.0013182004355417,0.9909840722206292,0.0014662106695328,13658.7326171875,379.8278475616822,0.0103412818867179,0.969215217912854,3,5396.04
13,86400,LSTM + bp_lag1,0.98660492040521,0.0008668390875755,0.9809365829484868,0.0014302122129657,14490.0654296875,506.12305449613314,0.0102471491408179,0.9645698487842946,4,5396.04
13,86400,STA-LSTM + bp_lag1,0.9874963820549926,0.0008794271034365,0.9825696890170162,0.0010443852755108,16303.7326171875,704.9001360043077,0.0124249264608675,0.920260037394318,5,5396.04
13,86400,STA-LSTM-H + bp_lag1,0.9861418234442836,0.0043733862911493,0.9801922262476136,0.0066916951782178,16313.258984375,401.2577330148473,0.0123746931059595,0.9194872132980711,6,5396.04
13,86400,STA-LSTM-H (accel),0.9687988422575976,0.0015541371178743,0.9603963436774812,0.0012885496121052,15693.4462890625,610.7591282668699,0.0123816399299977,0.9056032451660184,7,5396.04
13,86400,STA-LSTM (accel),0.9662286541244572,0.0035080932090876,0.9560977511663388,0.0046922376467748,15894.7927734375,277.1674313912668,0.0123779390333422,0.9035570341252346,8,5396.04
13,86400,Transformer + bp,0.9933082489146164,0.0014379328424533,0.9904761118632684,0.0018770859130584,18041.523828125,608.5061687190029,0.0134876426498037,0.9016386738419846,9,5396.04
13,86400,Transformer + bp_lag1,0.9878437047756874,0.000866375082321,0.9825281664524408,0.0013458033899511,18265.376171875,282.055840834644,0.0134671912467923,0.8973477834693051,10,5396.04
14,86400,GRU + bp,0.9940607814761216,0.0004447901062182,0.9920888811113232,0.0005084239546809,10697.5650390625,702.701545028052,0.0100580882658446,1.0,1,5465.41
14,86400,GRU + bp_lag1,0.9877973950795949,0.0008132264812196,0.9834997103668864,0.0011512851959166,10880.8962890625,321.5740463081364,0.0101826615326979,0.9937359672706724,2,5465.41
14,86400,LSTM + bp,0.9940144717800288,0.0003779989051765,0.992003383041076,0.0005580564150309,11032.3271484375,374.9874701911642,0.0106116801745618,0.9698483445974584,3,5465.41
14,86400,LSTM + bp_lag1,0.9871722141823446,0.0006022486508198,0.982699757786594,0.0010178607556057,11620.398828125,825.2835156038169,0.0106180574699114,0.9642849065669108,4,5465.41
14,86400,STA-LSTM-H + bp_lag1,0.9880057887120116,0.0008447553735203,0.9840476439805655,0.0011831170057415,12164.5826171875,1037.8232058757433,0.0125843120224008,0.9217745597045046,5,5465.41
14,86400,STA-LSTM + bp_lag1,0.9878668596237338,0.0012293894254086,0.9836694285252874,0.0015886264039836,11673.8005859375,393.1721554882061,0.0127627139105077,0.9205455229313864,6,5465.41
14,86400,Transformer + bp,0.994026049204052,0.0003200063666821,0.991929789380696,0.0004820454143788,14554.5537109375,706.9633894653002,0.0137492343149917,0.9027179937005984,7,5465.41
14,86400,Transformer + bp_lag1,0.9885730824891462,0.0004725518178167,0.9845877533523208,0.0005611342173816,14607.1705078125,376.7078345613933,0.0138330522037816,0.8978862994121121,8,5465.41
14,86400,STA-LSTM (accel),0.95438494934877,0.0044344707862516,0.9451558383097298,0.0049839884667447,11841.2318359375,239.56997524462773,0.0126763624307603,0.894262861527452,9,5465.41
14,86400,STA-LSTM-H (accel),0.952069464544139,0.0031216136064168,0.943038058991032,0.004266439611405,11446.0072265625,479.7902523194687,0.0127269306264591,0.8920841420741717,10,5465.41
15,86400,GRU + bp,0.9928567293777136,0.0004596106105072,0.9906971054633068,0.0006685252660708,18124.97578125,783.0904292835444,0.0098344171231049,0.9997675748626254,1,5338.77
15,86400,GRU + bp_lag1,0.983629522431259,0.0028630199487197,0.9784260593775084,0.0038175588255353,19478.885546875,1079.0269363969626,0.0098115594655965,0.9925651251195224,2,5338.77
15,86400,LSTM + bp,0.9927062228654124,0.0005753874912782,0.9905537201853176,0.0007171080518596,19877.666015625,687.6309213910029,0.0103317969889742,0.9699458536485922,3,5338.77
15,86400,LSTM + bp_lag1,0.98443994211288,0.0013528258364256,0.9797744471358624,0.0017103725937548,21540.548046875,1030.8911183747928,0.0103090210129033,0.9634950584138616,4,5338.77
15,86400,STA-LSTM-H + bp_lag1,0.9849609261939218,0.0011916313598778,0.9804327324418604,0.0015747354856402,21982.43203125,642.8594670823627,0.0124259610659026,0.9193199615885131,5,5338.77
15,86400,STA-LSTM + bp_lag1,0.9844283646888567,0.0010842058251524,0.9798213176975488,0.0013961174918961,21990.717578125,814.0029036098497,0.0124109930786076,0.9189860751607992,6,5338.77
15,86400,STA-LSTM (accel),0.97383502170767,0.0017050680463513,0.9676733660730964,0.0023031357959035,21015.336328125,522.370779857435,0.012470576371701,0.9101987678722768,7,5338.77
15,86400,STA-LSTM-H (accel),0.9730824891461648,0.0034181842017406,0.9665920542892013,0.0045847735667912,20337.171875,410.7058506424679,0.0124765599507692,0.9095546777645966,8,5338.77
15,86400,Transformer + bp,0.9926483357452968,0.0006038045643024,0.9903923539247376,0.0009496073068342,28071.12421875,1078.6338544598902,0.0136356103866106,0.901379635444588,9,5338.77
15,86400,Transformer + bp_lag1,0.9859102749638206,0.0011900555738821,0.9814985655135616,0.0016278153570841,28565.500390625,746.8098571545672,0.0134601823435678,0.8968882071679417,10,5338.77
16,86400,GRU + bp,0.992370477568741,0.0014618761556158,0.9889486025361446,0.002448302586293,9823.7599609375,343.6066117931726,0.0101840098640529,0.9988118243940484,1,5504.88
16,86400,GRU + bp_lag1,0.9843241678726484,0.0004228534267496,0.977448651414673,0.0009968771913382,10143.4701171875,367.27314583911016,0.0101057554860686,0.9930970954163316,2,5504.88
16,86400,LSTM + bp,0.9924978292329956,0.0009287951893548,0.9893077467470583,0.0013211925979597,10089.0876953125,373.66400919394346,0.0106440266613159,0.9697282441642624,3,5504.88
16,86400,LSTM + bp_lag1,0.9843241678726484,0.0012541081250984,0.9775783697589,0.0020589983957141,10598.1287109375,186.4875601799016,0.0106958613141983,0.9626823841375294,4,5504.88
16,86400,STA-LSTM + bp_lag1,0.98421997105644,0.0015565501080875,0.9773537049555884,0.0027863706152245,10570.7974609375,342.55394731919137,0.012711024057395,0.9192388912063558,5,5504.88
16,86400,STA-LSTM-H + bp_lag1,0.984590448625181,0.0015039069349794,0.9780215925261084,0.002228599443615,10609.7818359375,229.27758882604405,0.0127821792059951,0.9190948173398016,6,5504.88
16,86400,Transformer + bp,0.9928914616497828,0.0006573693576418,0.9897654286365766,0.001042141439622,13672.6337890625,251.77796736972235,0.0139355856572128,0.902109762148734,7,5504.88
16,86400,Transformer + bp_lag1,0.9853892908827784,0.001655450189346,0.9792309289004418,0.0023036370574801,13998.7021484375,248.9818956978593,0.013952787229643,0.8959756537921153,8,5504.88
16,86400,STA-LSTM (accel),0.9440578871201156,0.0059899716744433,0.9306799609672576,0.0074454867637113,10694.34375,159.8054386839069,0.0128276374301564,0.8862824999688933,9,5504.88
16,86400,STA-LSTM-H (accel),0.9432127351664256,0.0076147420676841,0.9293799429844888,0.0104314049274264,10734.6154296875,356.98300110948,0.0129866126194251,0.8846371413733697,10,5504.88
17,86400,GRU + bp,0.9925441389290884,0.0006573693576418,0.9887645169668656,0.0010005481976594,12660.0470703125,459.96142032277936,0.0098809802705252,0.99941219243417,1,5376.82
17,86400,GRU + bp_lag1,0.9828654124457308,0.0022245531460678,0.9742330738658508,0.0033416006744013,12922.553515625,433.6165120082912,0.0098450220083513,0.9919771441898432,2,5376.82
17,86400,LSTM + bp,0.992821997105644,0.0004483917043365,0.9892927029011452,0.000561352510615,14154.930859375,324.1804391536013,0.0103856222744486,0.9698971548149796,3,5376.82
17,86400,LSTM + bp_lag1,0.98356005788712,0.0022356722246506,0.9753665645031332,0.0030851359360282,13943.6328125,160.4986318357628,0.0103907238196058,0.9623874916605286,4,5376.82
17,86400,STA-LSTM-H + bp_lag1,0.9852156295224314,0.0008496598845456,0.9781026090667608,0.0012128952426045,14958.3970703125,343.154392124278,0.0124881315528915,0.9194278237433816,5,5376.82
17,86400,STA-LSTM + bp_lag1,0.9849609261939218,0.0008279274872952,0.9778402267564298,0.0010744407416231,15140.203515625,309.13486587607144,0.0124923769039588,0.9191957969690634,6,5376.82
17,86400,Transformer + bp,0.9924283646888568,0.0001916404672329,0.9885904489746078,0.0003714058811599,17677.80078125,252.99009699080128,0.0135448545287599,0.9019595465669056,7,5376.82
17,86400,STA-LSTM (accel),0.956341534008683,0.0065104252001769,0.9400307287837087,0.0090777336003904,14902.7396484375,173.53477652625344,0.0124585721089185,0.8964746464718604,8,5376.82
17,86400,Transformer + bp_lag1,0.9850072358900144,0.0006256095437849,0.9774303177029898,0.0011171619753219,17655.9015625,160.69300440129055,0.013484600694195,0.896304500070038,9,5376.82
17,86400,STA-LSTM-H (accel),0.9554616497829234,0.0045553301774292,0.9384793821874632,0.0060713705186492,15077.5470703125,576.5700031347328,0.0125042538585844,0.8954769588296171,10,5376.82
18,86400,GRU + bp,0.9931114327062228,0.0005753874912782,0.9887836834315836,0.0010991978882233,4671.97822265625,104.1729827810972,0.0100521955560952,0.9999347220441326,1,5513.2
18,86400,GRU + bp_lag1,0.9854124457308248,0.0008554768487136,0.9760069126157926,0.0015891703360432,4864.02705078125,218.54381533372023,0.0101096707499989,0.993164799265946,2,5513.2
18,86400,LSTM + bp,0.9930303907380608,0.0008575112792887,0.9886921324930658,0.0014710724934835,4733.34921875,60.36793564119708,0.010589399224069,0.9698988420054402,3,5513.2
18,86400,LSTM + bp_lag1,0.9851461649782924,0.0005932794431406,0.9759521398129608,0.0008317113413969,4929.66123046875,103.36883228468714,0.0106157779548042,0.9633123491393596,4,5513.2
18,86400,STA-LSTM-H + bp_lag1,0.9865701881331403,0.0006004655272886,0.9779836965745016,0.0009763389088133,5198.3638671875,149.36196273361017,0.0126877973845441,0.9206150133878226,5,5513.2
18,86400,STA-LSTM + bp_lag1,0.9858523878437048,0.0013657435232934,0.977105599742045,0.0017806817068584,5189.95361328125,87.18606375382943,0.0127198815388893,0.919836997297788,6,5513.2
18,86400,STA-LSTM (accel),0.9688567293777132,0.0014381192601428,0.953018620948861,0.0019962954429053,5079.47138671875,108.65143193891372,0.0127367721533594,0.9061685358694233,7,5513.2
18,86400,STA-LSTM-H (accel),0.9673053545586108,0.0060265357476197,0.9512231444528284,0.0083165218475668,5119.87548828125,121.6646609087877,0.0127785793099924,0.904660721336826,8,5513.2
18,86400,Transformer + bp,0.993192474674385,0.0007823118220098,0.9886535317109896,0.0015788590034439,5616.39560546875,21.47088081502177,0.0137731286369576,0.9025762504927848,9,5513.2
18,86400,Transformer + bp_lag1,0.98679015918958,0.0004017215993724,0.9781637375886896,0.0008778568232987,5811.80439453125,142.07629536647858,0.013734780769531,0.8976230655288704,10,5513.2
